,distilbert-base-uncased,yiyanghkust/finbert-tone
Accuracy,0.864549578742709,0.8114063512637719
F1,0.864549578742709,0.811406351263772
ExecTime(sec),37429.581847667694,18247.757966041565
