Model,Execution Time (s)
Word2Vec,8.371933937072754
CNN,13110.222333431244
